TAG,RANK
Trending on Artstation,0.05166475316
vray,0.044489093
HDR,0.03444316877
CGI,0.03071182549
hyperrealistic,0.03042479908
unreal engine,0.03042479908
DSLR,0.02611940299
light transport sharpening,0.02066590126
artstation contest winner,0.01722158439
VFX,0.01664753157
high detail,0.01578645235
contest winner,0.01435132032
Super sharp Engine,0.01435132032
fine detail,0.01205510907
HDR illumination,0.01090700344
3D,0.009471871412
ArtStation,0.009471871412
realistic,0.009471871412
light caustics,0.009184845006
translucent,0.008897818599
transparent,0.008897818599
black and white,0.008610792193
Ambient occlusion,0.008323765786
volumetrics,0.007749712974
very high detail,0.007462686567
black,0.007175660161
charcoal,0.006888633754
Perlin,0.006888633754
Phong,0.006888633754
raytracing,0.006888633754
white,0.006888633754
LSD,0.006601607348
ultra settings,0.006314580941
panoram,0.006027554535
detailed,0.005740528129
high resolution,0.005740528129
matte,0.005740528129
pencil,0.005740528129
volumetric lighting,0.005453501722
crystal light engine,0.004879448909
Detailed Engine,0.004879448909
light caustics Engine,0.004879448909
Unsplash,0.004879448909
bokeh,0.004592422503
fractal,0.004592422503
PBR,0.004592422503
photorealistic,0.004592422503
bump mapping,0.004305396096
HDR lighting,0.004305396096
hyperrealistic engine,0.004305396096
low pass filter,0.004305396096
meta fractal engine,0.004305396096
normal mapping,0.004305396096
chroma keying,0.00401836969
distortion,0.00401836969
handpainted artstation,0.00401836969
high contrast,0.00401836969
lens flares,0.00401836969
light bloom,0.00401836969
parallax,0.00401836969
raymarching,0.00401836969
Trending on Reddit,0.00401836969
volumetric light,0.00401836969
caustics,0.003731343284
closeup,0.003731343284
Trending on Pixiv,0.003731343284
unreal,0.003731343284
beautiful,0.003157290471
concept art,0.003157290471
denoise filter,0.003157290471
formulas,0.003157290471
text,0.003157290471
Trending on DeviantArt,0.003157290471
bandpass filter,0.002870264064
CDM filter,0.002870264064
chromatic aberration,0.002870264064
Jonathan Zawada,0.002870264064
opalescent,0.002870264064
Trending on Realistic Photographers,0.002870264064
trending on the ArtStation,0.002870264064
Voronoi,0.002870264064
high quality,0.002583237658
oil painting,0.002583237658
sound,0.002583237658
transparency,0.002583237658
4k,0.002296211251
Blinn,0.002296211251
ferrofluid filter,0.002296211251
fog,0.002296211251
neon,0.002296211251
nonexistent ergo filter,0.002296211251
painting,0.002296211251
psychedelic,0.002296211251
reflections,0.002296211251
3d art,0.002009184845
axiom destroyer engine,0.002009184845
deception paradigm,0.002009184845
featured on ArtStation,0.002009184845
Fresnel,0.002009184845
surreal,0.002009184845
unreal engine render,0.002009184845
false reality engine,0.001722158439
high dynamic range,0.001722158439
high frequency range,0.001722158439
hyperrealistic rendering,0.001722158439
landscape,0.001722158439
superrealistic,0.001722158439
trending on Unsplash,0.001722158439
vray tracing,0.001722158439
decaying,0.001435132032
ethereal,0.001435132032
handpainted,0.001435132032
HQ,0.001435132032
pencil art,0.001435132032
photo,0.001435132032
real engine,0.001435132032
rtx,0.001435132032
Sci-fi,0.001435132032
smooth,0.001435132032
stunning,0.001435132032
stylize,0.001435132032
subsurface scattering,0.001435132032
thin film,0.001435132032
Unsplash contest winner,0.001435132032
baroque style,0.001148105626
brass,0.001148105626
contest finalist,0.001148105626
cyberpunk,0.001148105626
dichroism,0.001148105626
filmgrain,0.001148105626
firewatch rasterization,0.001148105626
forest,0.001148105626
god rays,0.001148105626
highly detailed,0.001148105626
hyper realistic,0.001148105626
Impressionism,0.001148105626
in fine detail,0.001148105626
isonoise,0.001148105626
macro,0.001148105626
neon HDR glow,0.001148105626
night,0.001148105626
pleochroism,0.001148105626
shader,0.001148105626
stylized,0.001148105626
translucent renderer,0.001148105626
trending,0.001148105626
Abstract,0.0008610792193
animation,0.0008610792193
atoms,0.0008610792193
big mushroom,0.0008610792193
bloom,0.0008610792193
cherenkov radiation,0.0008610792193
clouds,0.0008610792193
cosmic love engine,0.0008610792193
CryEngine,0.0008610792193
dark,0.0008610792193
dichroic,0.0008610792193
dichroic crystal glass,0.0008610792193
dichroic glass,0.0008610792193
dreamworks,0.0008610792193
emerald,0.0008610792193
fabric of time,0.0008610792193
Floating on lake with slight ripples,0.0008610792193
funworld,0.0008610792193
geometry,0.0008610792193
grim future colors,0.0008610792193
holographic,0.0008610792193
hyperdimensional,0.0008610792193
Karl Jung filter,0.0008610792193
LSD fun jungle engine,0.0008610792193
magical,0.0008610792193
magical grey seal,0.0008610792193
majestric,0.0008610792193
matte painting,0.0008610792193
NASA photography,0.0008610792193
neon glow,0.0008610792193
ocean,0.0008610792193
perception and cognition,0.0008610792193
photography,0.0008610792193
pixar,0.0008610792193
quarks,0.0008610792193
Realistic style,0.0008610792193
render,0.0008610792193
Rendered in Detailed Engine,0.0008610792193
rough sketch,0.0008610792193
shadertoy,0.0008610792193
silhouette,0.0008610792193
sold on DeviantArt,0.0008610792193
stars,0.0008610792193
superfluid,0.0008610792193
translucency renderer,0.0008610792193
urban,0.0008610792193
volumetric fog,0.0008610792193
1930s,0.0005740528129
2D art,0.0005740528129
acrylic,0.0005740528129
airship,0.0005740528129
Alex Gray,0.0005740528129
AMS blog,0.0005740528129
and veins,0.0005740528129
anime,0.0005740528129
antimatter,0.0005740528129
Art Station,0.0005740528129
art-deco style,0.0005740528129
ArXiV,0.0005740528129
Awesome,0.0005740528129
axons,0.0005740528129
Baroque,0.0005740528129
big city,0.0005740528129
black background,0.0005740528129
black hole,0.0005740528129
blown glass,0.0005740528129
blue sky,0.0005740528129
bone shader,0.0005740528129
breath of the wild graphics,0.0005740528129
bright colors,0.0005740528129
cabin,0.0005740528129
calm,0.0005740528129
character,0.0005740528129
cityscape,0.0005740528129
cogitomania,0.0005740528129
cogs,0.0005740528129
constest winner,0.0005740528129
cubism,0.0005740528129
cyberraypunk,0.0005740528129
delirium,0.0005740528129
dendrites,0.0005740528129
desk,0.0005740528129
Details,0.0005740528129
diatom filter,0.0005740528129
digital art,0.0005740528129
digital art style,0.0005740528129
dreamscape,0.0005740528129
dry mud filter,0.0005740528129
dystopian,0.0005740528129
electrodynamics,0.0005740528129
electrons,0.0005740528129
entropy,0.0005740528129
epic,0.0005740528129
extreme quality,0.0005740528129
face,0.0005740528129
ferrofluid engine,0.0005740528129
flat black background,0.0005740528129
fungi hyphae filter,0.0005740528129
Futuristic,0.0005740528129
Germany,0.0005740528129
gloss,0.0005740528129
Halo 4 engine,0.0005740528129
handdrawn,0.0005740528129
HD,0.0005740528129
hellscape,0.0005740528129
hyper-realistic,0.0005740528129
illusion,0.0005740528129
intricate,0.0005740528129
jack storm glass,0.0005740528129
john kuhn glass,0.0005740528129
jungle,0.0005740528129
light transport scattering,0.0005740528129
luminosity,0.0005740528129
MagicaCSG,0.0005740528129
magical cosmic love engine,0.0005740528129
magicavoxel,0.0005740528129
material study,0.0005740528129
matter and energy,0.0005740528129
metal,0.0005740528129
mirabilis filter,0.0005740528129
movie poster,0.0005740528129
nature,0.0005740528129
nebula,0.0005740528129
neon HDR illusion,0.0005740528129
northern lights,0.0005740528129
ocean waves,0.0005740528129
pencil drawing,0.0005740528129
photograph,0.0005740528129
planck length,0.0005740528129
Plane,0.0005740528129
Police,0.0005740528129
Pop style,0.0005740528129
Popular,0.0005740528129
poster,0.0005740528129
pretty colors,0.0005740528129
primordial,0.0005740528129
primoridial,0.0005740528129
psychedelic background,0.0005740528129
psychedelic trance style,0.0005740528129
quanta,0.0005740528129
quartz,0.0005740528129
ray tracing,0.0005740528129
red clouds,0.0005740528129
red skies,0.0005740528129
Renaissance,0.0005740528129
Renaissance style,0.0005740528129
ripples,0.0005740528129
robot,0.0005740528129
ruby,0.0005740528129
sapphire,0.0005740528129
sea,0.0005740528129
seagulls,0.0005740528129
sharp,0.0005740528129
shimmer,0.0005740528129
sound waves,0.0005740528129
spacetime,0.0005740528129
spins,0.0005740528129
steampunk,0.0005740528129
stephan knapp light glass,0.0005740528129
sunny day,0.0005740528129
sunset,0.0005740528129
super resolution,0.0005740528129
Super sharp,0.0005740528129
superresolution,0.0005740528129
synapses,0.0005740528129
temporal anti-aliasing,0.0005740528129
transformation,0.0005740528129
transformation and planning,0.0005740528129
translucency,0.0005740528129
Trending on Pinterest,0.0005740528129
tulip,0.0005740528129
tulip filter,0.0005740528129
ultra detail,0.0005740528129
vessels,0.0005740528129
volumetric,0.0005740528129
voxel art,0.0005740528129
wire together,0.0005740528129
world,0.0005740528129
Yoshitoshi Abe photo,0.0005740528129
2d,0.0002870264064
2d painted,0.0002870264064
a space odyssey,0.0002870264064
Abstract style,0.0002870264064
abstract white cat,0.0002870264064
Action,0.0002870264064
Action style,0.0002870264064
amazing,0.0002870264064
America,0.0002870264064
and panda sitting around a campfire,0.0002870264064
animal,0.0002870264064
art,0.0002870264064
artstation trending,0.0002870264064
asymmetric,0.0002870264064
at dusk,0.0002870264064
bad-trip,0.0002870264064
bat,0.0002870264064
battle with a self multiplying mushroom demon in the astral plane while high on mescaline,0.0002870264064
bear,0.0002870264064
berlin,0.0002870264064
big clock,0.0002870264064
biomechanic jungle,0.0002870264064
bitcoin eyes,0.0002870264064
black only,0.0002870264064
blender,0.0002870264064
blocking,0.0002870264064
blockout,0.0002870264064
blue shade,0.0002870264064
blues,0.0002870264064
book,0.0002870264064
botanical garden,0.0002870264064
breathtaking,0.0002870264064
calligraphy,0.0002870264064
canvas,0.0002870264064
cave,0.0002870264064
charcoal painting,0.0002870264064
china,0.0002870264064
chinese lanterns,0.0002870264064
chromodynamics,0.0002870264064
city,0.0002870264064
Classical,0.0002870264064
Classical style,0.0002870264064
collapsed tall buildings,0.0002870264064
comic,0.0002870264064
computational equivalence principle,0.0002870264064
cosmos,0.0002870264064
crayon art,0.0002870264064
cryptoart,0.0002870264064
crystal glass,0.0002870264064
Cubist,0.0002870264064
Cubist style,0.0002870264064
cute animals,0.0002870264064
cycle,0.0002870264064
cycles,0.0002870264064
dark blue background,0.0002870264064
darker shades,0.0002870264064
Daz,0.0002870264064
deep sea,0.0002870264064
deep-sea,0.0002870264064
depression,0.0002870264064
detailed rocky mountain,0.0002870264064
dichroic crystal,0.0002870264064
dichroic time crystal glass,0.0002870264064
Diego de la Vega,0.0002870264064
dieselpunk,0.0002870264064
digital drawing,0.0002870264064
Earth,0.0002870264064
electromagnetic force interaction,0.0002870264064
electron microscope,0.0002870264064
enhanced,0.0002870264064
Expressionism,0.0002870264064
Expressionism style,0.0002870264064
F0,0.0002870264064
face details,0.0002870264064
fantasy,0.0002870264064
fast colors,0.0002870264064
fear,0.0002870264064
feather renderer,0.0002870264064
featured,0.0002870264064
filaments,0.0002870264064
fishing ship,0.0002870264064
fission,0.0002870264064
flume,0.0002870264064
fractals,0.0002870264064
friends,0.0002870264064
fun jungle,0.0002870264064
Functionalist,0.0002870264064
Functionalist style,0.0002870264064
fusion,0.0002870264064
Futuristic style,0.0002870264064
gauge bosons,0.0002870264064
Ghibli,0.0002870264064
gold,0.0002870264064
golden ratio fractals,0.0002870264064
gradient,0.0002870264064
gravitational interaction,0.0002870264064
green planet,0.0002870264064
green planet in the upper left corner,0.0002870264064
handpaint style,0.0002870264064
high-quality,0.0002870264064
high-rise buildings,0.0002870264064
highly detailed flower,0.0002870264064
highly sought art,0.0002870264064
hologram,0.0002870264064
house,0.0002870264064
hua lu concept art,0.0002870264064
hypercolumn organization,0.0002870264064
hyphae engine,0.0002870264064
hyphae filter,0.0002870264064
Impressionism style,0.0002870264064
indeterminacy,0.0002870264064
joy division shirt,0.0002870264064
jungle and ocean colors,0.0002870264064
katana,0.0002870264064
land,0.0002870264064
leptons,0.0002870264064
liberty,0.0002870264064
lights,0.0002870264064
liminal space,0.0002870264064
logo,0.0002870264064
m-theory,0.0002870264064
madhouse animation,0.0002870264064
magic cosmic love land,0.0002870264064
magic cosmic love land engine,0.0002870264064
Many leaves,0.0002870264064
Many petals,0.0002870264064
May Eliza Mae,0.0002870264064
medieval town,0.0002870264064
metallic,0.0002870264064
minimalism,0.0002870264064
Minimalist,0.0002870264064
Minimalist style,0.0002870264064
modern,0.0002870264064
neural processing,0.0002870264064
neurons,0.0002870264064
neutrons,0.0002870264064
nft,0.0002870264064
nft token,0.0002870264064
old,0.0002870264064
On venus,0.0002870264064
optical illusions,0.0002870264064
overgown forest,0.0002870264064
overgown grass,0.0002870264064
painting trending art,0.0002870264064
particles,0.0002870264064
pencil drawn,0.0002870264064
penguin,0.0002870264064
photomanipulation,0.0002870264064
photoshop,0.0002870264064
pinwheel singularities,0.0002870264064
plant roots filter,0.0002870264064
Pop,0.0002870264064
Post-Modern,0.0002870264064
Post-Modern style,0.0002870264064
protons,0.0002870264064
psychedlic,0.0002870264064
psytrance,0.0002870264064
quantum fluctuation,0.0002870264064
quantum mechanics,0.0002870264064
quantum superposition,0.0002870264064
radiation,0.0002870264064
raindrops,0.0002870264064
rated,0.0002870264064
real time model,0.0002870264064
realistic sculpture,0.0002870264064
rendered in unreal engine,0.0002870264064
rendered on N128,0.0002870264064
rifle,0.0002870264064
robots,0.0002870264064
Roger Water,0.0002870264064
Romanesque,0.0002870264064
Romanesque style,0.0002870264064
Romantic,0.0002870264064
Romantic style,0.0002870264064
roots filter,0.0002870264064
saccades,0.0002870264064
scenic,0.0002870264064
seagulls circling over the ship,0.0002870264064
seagulls in air,0.0002870264064
ship with white sails,0.0002870264064
sky,0.0002870264064
skyscrapers,0.0002870264064
slow colors,0.0002870264064
space,0.0002870264064
spaceship,0.0002870264064
standard model,0.0002870264064
statue,0.0002870264064
still life,0.0002870264064
striking,0.0002870264064
strong nuclear force interaction,0.0002870264064
studio ghibli style,0.0002870264064
stunning photo,0.0002870264064
style of Owen Richardson,0.0002870264064
stylize gun,0.0002870264064
stylized characters,0.0002870264064
stylized concept art 2d,0.0002870264064
stylized lowpoly,0.0002870264064
summer,0.0002870264064
sun,0.0002870264064
superconductivity,0.0002870264064
supernova,0.0002870264064
Surrealistic,0.0002870264064
surrealistic painting,0.0002870264064
Surrealistic style,0.0002870264064
symmetric,0.0002870264064
symmetrical,0.0002870264064
terminator,0.0002870264064
textured,0.0002870264064
textured metal blade,0.0002870264064
the Big Bang,0.0002870264064
the morning sky,0.0002870264064
the mountains,0.0002870264064
the world tree's radiance tickled the night sky with it's dazzling brilliance,0.0002870264064
three layers,0.0002870264064
topographic torus,0.0002870264064
totem,0.0002870264064
trending above artstation,0.0002870264064
trending art,0.0002870264064
trending beneath artstation,0.0002870264064
trending on art station,0.0002870264064
trending on foundationapp,0.0002870264064
trending way above artstation,0.0002870264064
trypophobia filter,0.0002870264064
ultra high resolution,0.0002870264064
ultra quality,0.0002870264064
ultrarealistic,0.0002870264064
uncertainty principle,0.0002870264064
universal gravitational constant,0.0002870264064
unpacking activity patterns from a code,0.0002870264064
Van Gogh,0.0002870264064
vaporwave,0.0002870264064
vector,0.0002870264064
velvet,0.0002870264064
victorian,0.0002870264064
vivid colors,0.0002870264064
wallpaper,0.0002870264064
warrior sword,0.0002870264064
wave-particle duality,0.0002870264064
waveform,0.0002870264064
waves,0.0002870264064
we must understand it,0.0002870264064
weak nuclear force interaction,0.0002870264064
white bear attack,0.0002870264064
winter,0.0002870264064
wooden desk,0.0002870264064
xenomorph,0.0002870264064